,Threshold at opt. F1-score (withdrawn),Opt. F1-score (withdrawn only),AP withdrawn,AP approved,AUROC withdrawn,Balanced accuracy,Precision withdrawn,Recall withdrawn,Precision approved,Recall approved,True positives,True negatives,False positives,False negatives
0,0.6689999999999997,0.26666666666666666,0.29833405756664017,0.8139459402732298,0.752308116301502,0.5820242524459143,0.42105263157894735,0.1951219512195122,0.9122340425531915,0.9689265536723164,8,343,11,33
