,Threshold at opt. F1-score (withdrawn),Opt. F1-score (withdrawn only),AP withdrawn,AP approved,AUROC withdrawn,Balanced accuracy,Precision withdrawn,Recall withdrawn,Precision approved,Recall approved,True positives,True negatives,False positives,False negatives
0,0.5179999999999996,0.2564102564102564,0.2825500770161841,0.8170054359130949,0.7698773597905472,0.5838156262918561,0.2702702702702703,0.24390243902439024,0.9134078212290503,0.923728813559322,10,327,27,31
