,F1 score,AP withdrawn,AP approved,AUROC withdrawn,Balanced accuracy,Precision withdrawn,Recall withdrawn,Precision approved,Recall approved,True positives,True negatives,False positives,False negatives
0,0.49382716049382713,0.3945468919907483,0.7925019153520099,0.8150062009094667,0.7156538514537687,0.5,0.4878048780487805,0.9408450704225352,0.943502824858757,20,334,20,21
