,F1 score,AP withdrawn,AP approved,AUROC withdrawn,Balanced accuracy,Precision withdrawn,Recall withdrawn,Precision approved,Recall approved,True positives,True negatives,False positives,False negatives
0,0.45161290322580644,0.3606760225020143,0.7948772353892417,0.8168664737494833,0.7123122502411465,0.40384615384615385,0.5121951219512195,0.9416909620991254,0.9124293785310734,21,323,31,20
