,F1 score,AP withdrawn,AP approved,AUROC withdrawn,Balanced accuracy,Precision withdrawn,Recall withdrawn,Precision approved,Recall approved,True positives,True negatives,False positives,False negatives
0,0.3199369582348306,0.2364445175465683,0.7754871837127463,0.5883589017527509,0.5421147113994528,0.20443101711983888,0.7355072463768116,0.8528225806451613,0.34872217642209397,203,423,790,73
