,F1 score,AP withdrawn,AP approved,AUROC withdrawn,Balanced accuracy,Precision withdrawn,Recall withdrawn,Precision approved,Recall approved,True positives,True negatives,False positives,False negatives
0,0.35356762513312034,0.29481820938903436,0.7460425002113034,0.6334486301779036,0.5958606640620333,0.25037707390648567,0.6014492753623188,0.8668280871670703,0.5902720527617478,166,716,497,110
